{
	"class_name" : "PinholeCameraParameters",
	"extrinsic" : 
	[
		1.0,
		-0.0,
		-0.0,
		0.0,
		0.0,
		-1.0,
		-0.0,
		0.0,
		0.0,
		-0.0,
		-1.0,
		0.0,
		14.989368904847652,
		-10.622023940086365,
		41.877535995187685,
		1.0
	],
	"intrinsic" : 
	{
		"height" : 987,
		"intrinsic_matrix" : 
		[
			854.76707353524102,
			0.0,
			0.0,
			0.0,
			854.76707353524102,
			0.0,
			499.5,
			493.0,
			1.0
		],
		"width" : 1000
	},
	"version_major" : 1,
	"version_minor" : 0
}